{"val/perplexity":61710.510344161296,"val/throughput":27304.940723963995,"_timestamp":1.7807704780120893e+09,"_step":2,"train/loss":7.8454800748825075,"_runtime":38,"_wandb":{"runtime":38},"val/loss":11.0302095413208}