{"step":120,"val_loss":0.6644646139705882,"_timestamp":1.7807836643515377e+09,"_step":6,"val_mcc":0,"_wandb":{"runtime":24},"epoch":0,"train_loss":0.48192138671875,"_runtime":24}