{"_runtime":19,"val_mcc":0,"_step":3,"val_loss":0.7394588694852942,"train_loss":0.68388671875,"epoch":0,"_timestamp":1.7807825947357285e+09,"step":60,"_wandb":{"runtime":19}}