{"val/loss":10.999166488647461,"val/perplexity":59824.25673109305,"val/throughput":39421.230045870776,"train/loss":6.696373872756958,"_wandb":{"runtime":250},"_runtime":250,"_timestamp":1.7807771558758368e+09,"_step":50}