{"_step":1,"val/loss":11.035374641418457,"val/perplexity":62030.07589073018,"train/loss":8.976403532028199,"_wandb":{"runtime":31},"_runtime":31,"val/throughput":32649.58778208161,"_timestamp":1.7808360371130075e+09}