{"val/loss":10.968549728393555,"val/perplexity":58020.38703635853,"val/throughput":39688.23293979798,"train/loss":7.214352989196778,"_wandb":{"runtime":70},"_runtime":70,"_timestamp":1.7807736738894246e+09,"_step":12}