{"_timestamp":1.7807825012738383e+09,"_step":15,"val_loss":0.6599264705882353,"epoch":0,"val_mcc":0,"train_loss":0.3495361328125,"step":300,"_wandb":{"runtime":42},"_runtime":42}