{"val/perplexity":58724.19096585669,"val/throughput":35691.61080240062,"train/loss":7.819496922492981,"_wandb":{"runtime":42},"_runtime":42,"_timestamp":1.7807696589738855e+09,"_step":3,"val/loss":10.980607032775879}